nom;parent;nom_court;est_individu;description
Composants;;comp;0;Nomenclature — qualifie ce qui n'a pas d'instance
Composants mat. roulant;Composants;cmr;0;
Châssis et caisse;Composants mat. roulant;chas;1;
Organes de roulement;Composants mat. roulant;orou;0;
Motorisation;Organes de roulement;moto;1;
Engrenage;Organes de roulement;engr;1;
Essieux et bogies;Organes de roulement;essb;1;
Installation électrique;Composants mat. roulant;ielec;0;
Décodeur;Installation électrique;deco;1;
Éclairage véhicule;Installation électrique;eclm;1;
Livrée et décoration;Composants mat. roulant;livr;1;
Infrastructure;Composants;infr;0;
Voie;Infrastructure;voie;0;
Aiguillage;Voie;aigu;1;
Croisement;Voie;croi;1;
Butoirs;Voie;buto;1;
Agencement général;Infrastructure;agen;0;
Plan de voies;Agencement général;plav;1;
Ouvrages;Infrastructure;ouvr;0;
Pont;Ouvrages;pont;1;
Tunnel;Ouvrages;tunn;1;
Bâtiments;Infrastructure;bati;0;
Gare;Bâtiments;gare;1;
Remise;Bâtiments;remi;1;
Maison de garde;Bâtiments;mgar;1;
Halle marchandises;Bâtiments;hall;1;
Quai haut;Bâtiments;quai;1;
Industrie;Bâtiments;indu;1;
Civil;Bâtiments;civi;1;
Appareils spéciaux;Infrastructure;apsp;0;
Pont-secteur;Appareils spéciaux;psec;1;
Plaque tournante;Appareils spéciaux;ptou;1;
Pont transbordeur;Appareils spéciaux;ptra;1;
Réseau d'intérieur;Composants;rint;0;
Charpente;Réseau d'intérieur;char;1;
Support de voie;Réseau d'intérieur;supv;1;
Fond de décor;Réseau d'intérieur;fdec;1;
Éclairage de scène;Réseau d'intérieur;eclr;1;
Coulisses;Réseau d'intérieur;coul;1;
Décor intérieur;Réseau d'intérieur;dint;0;
Reliefs;Décor intérieur;reli;1;
Végétation synthétique;Décor intérieur;vsyn;1;
Plans d'eau factices;Décor intérieur;efac;1;
Réseau d'extérieur;Composants;rext;0;
Fondation;Réseau d'extérieur;fond;1;
Pose de voie extérieure;Réseau d'extérieur;posx;1;
Drainage et écoulement;Réseau d'extérieur;drai;1;
Soutènement et bordures;Réseau d'extérieur;sout;1;
Hivernage et protection;Réseau d'extérieur;hiv;1;
Décor extérieur;Réseau d'extérieur;dext;0;
Terrassement;Décor extérieur;terra;1;
Végétation naturelle;Décor extérieur;vnat;1;
Cours d'eau;Décor extérieur;eaux;1;
Commande et traction;Composants;ctra;0;
Câblage;Commande et traction;cabl;1;
Système DCC;Commande et traction;dcc;0;
Centrale;Système DCC;cent;1;
Télécommande et récepteur;Système DCC;tele;1;
Balises;Système DCC;bali;1;
Commande analogique;Commande et traction;anal;1;
Tableau de commande;Commande et traction;tabc;1;
Pratiques;;prat;0;Savoir-faire : techniques, matériaux, outillage
Techniques;Pratiques;tech;0;
Collage;Techniques;coll;1;
Peinture;Techniques;pein;0;
Patine;Peinture;pati;1;
Soudage;Techniques;soud;1;
Moulage;Techniques;moul;1;
Impression 3D;Techniques;i3d;1;
Découpage laser;Techniques;lase;1;
Matériaux;Pratiques;matx;0;
Carte plastique;Matériaux;cpla;1;
Carton plume;Matériaux;cplu;1;
Bois;Matériaux;bois;1;
Carton;Matériaux;cart;1;
Laiton;Matériaux;lait;1;
Cuivre;Matériaux;cuiv;1;
Feuille d'aluminium;Matériaux;alu;1;
Outillage;Pratiques;outi;0;
Gros outillage électrique;Outillage;gros;0;
Perceuse sur colonne;Gros outillage électrique;pcol;1;
Scie à onglet;Gros outillage électrique;song;1;
Petit outillage électrique;Outillage;peti;0;
Perceuse-visseuse sans fil;Petit outillage électrique;pvis;1;
Mini-perceuse;Petit outillage électrique;mper;1;
Fer à souder;Petit outillage électrique;fsou;1;
Appareils de mesure;Petit outillage électrique;mesu;1;
Outils à main;Outillage;main;0;
Limes;Outils à main;lime;1;
Cutters;Outils à main;cutt;1;
Aides;Outillage;aide;0;
Robot 3ème main;Aides;rob3;1;
Support véhicule;Aides;svhc;1;
Gabarit;Aides;gaba;1;
Écartement;;ecar;0;Qualificatif transversal pour la documentation générique
0m;Écartement;e0m;1;
0e;Écartement;e0e;1;
